GEOID,ice_income,median_inc,poverty_pct,labor_pct,owner_occ_pct,owner_occ_value,vacant_pct
29189222000,0.10479041916167664,82143,5.049894163894768,51.41638745050259,77.66312594840667,320500,3.1322505800464038
29189222100,0.4547402249598286,124760,2.2156280909990107,69.3406868889446,96.50404898281651,337100,6.462925851703407
29510102200,0.04857044436789528,66773,4.268515140459686,73.67321353949018,81.21577217962759,168300,6.0821740537043025
29510102300,-0.16469321851453175,53641,16.509877704609597,70.96057745696835,75.30573847601129,119400,0
29510103600,-0.050505050505050504,51389,17.14905933429812,72.78719397363466,78.21997105643995,141300,13.284671532846716
29510103700,-0.1056782334384858,55705,7.53669178897263,78.38082315694255,71.0829036096787,134100,12.066574202496533
29510105198,0.17374005305039789,67059,18.118466898954704,61.42514559780747,57.51903553299492,343400,15.137872819358469
29510107400,-0.48726467331118495,22305,41.530691530691534,52.40153698366955,54.312354312354316,38100,25.1864125932063
29510111300,-0.5560640732265446,19107,32.5,48.2420278004906,39.64285714285714,53400,22.380106571936057
29510119200,-0.11632653061224489,56019,19.9203187250996,60.33916849015317,56.3,303200,7.547169811320755
29510123300,-0.08285714285714285,47407,15.064758009543286,81.86274509803921,44.20946626384693,207100,17.306556408741876
29510126600,-0.4001798561151079,26250,36.54708520179372,58.70833333333333,40.21376085504342,150100,30.28213166144201
29510116100,-0.2592087312414734,38617,22.523744911804613,70.0390625,55.733868271481114,115300,19.583104772353263
29510114200,-0.027185278126306986,54882,11.79725542275343,80.86548488008341,59.76095617529881,146300,10.916542473919524
29510115300,-0.2734018264840183,42031,26.436548223350254,68.45600442722744,49.89870340356564,87000,22.85336856010568
29510115600,-0.5348837209302325,20179,29.36021034180543,43.01866947146989,43.3112582781457,77300,24.269108841141247
29510117400,0.06733298264071541,70387,10.342205323193916,71.05495151337055,50.35641547861507,231200,14.330779630464175
29510118100,-0.1689419795221843,41786,24.11604714415231,79.54309449636553,50.683682771194164,151400,28.361858190709043
29510121200,-0.6456692913385826,14786,51.582701738742756,50.79825834542816,21.35532768613464,98300,21.742957746478872
29510124200,-0.4055299539170507,33478,38.67871259175607,73.46857597454256,30.061867266591673,134300,30.187667560321717
29510124300,-0.012919896640826873,69940,10.837887067395265,76.39411563462197,58.03873347679065,178300,24.78134110787172
29510125500,-0.04056291390728477,58939,10.10921310557267,83.67995378393992,17.390086810417248,176200,26.76568657168839
29510102100,-0.17473821989528796,47421,11.773308957952468,75.91645353793692,37.267759562841526,116900,11.829197922677439
29510102400,-0.10583941605839416,46105,16.054860830980232,75.02374169040836,61.19402985074627,114100,4.6127067014795475
29510103800,0.09382151029748284,75507,3.624338624338624,75.16380655226209,79.13802221047065,162600,5.970952124798279
29510104200,-0.033752860411899316,55000,14.182534471437952,73.96265560165975,49.63887065003283,147200,11.627906976744185
29510105500,-0.26592082616179,41019,23.14990512333966,59.31623931623932,63.39251983377409,126800,28.182941903584673
29510106500,-0.3947643979057592,30507,21.854575163398692,50.99309153713298,51.08514190317195,47600,37.90637191157347
29510107500,-0.5542929292929293,18879,30.810234541577824,44.982078853046595,83.5820895522388,37700,38.69969040247678
29510108300,-0.3120567375886525,36583,24.100719424460433,64.94845360824742,53.27060931899642,63600,24.733096085409255
29510111100,-0.2956058588548602,35267,37.25067385444744,61.5234375,28.859792689579923,83100,27.228682170542633
29510111500,-0.4027777777777778,35337,32.8719723183391,60.71428571428571,57.34265734265735,64500,50.11547344110855
29510112100,0.0766250538097288,70451,13.89092687698704,69.2388727943113,50.95652173913044,589200,12.800300300300298
29510114300,0.0071315372424722665,67569,3.9378029079159935,79.74178403755869,79.61282516636419,159800,7.748538011695906
29510115500,-0.5286221871298855,21494,54.08299866131191,55.47460449625312,34.868421052631575,73700,14.742510939077752
29510123100,-0.1529032258064516,55000,16.952908587257618,75.52495697074009,54.44691495275153,164300,18.248945147679326
29510101500,-0.46132971506105835,27424,31.729598051157126,61.14534251540413,31.601588352084715,66800,17.191011235955056
29510105300,-0.4380234505862647,24494,21.360294117647058,64.26484907497566,44.917087238644555,192800,23.706070287539934
29510107600,-0.5035663338088445,24554,25.86304470854556,56.10859728506787,66.4013644115975,49900,39.46459412780656
29510108100,-0.31907308377896615,33827,35.65965583173996,57.555178268251275,72.11568689091482,67200,23.098012337217273
29510109700,-0.5342639593908629,20882,52.53521126760563,62.616822429906534,39.13250714966635,37400,48.56396866840731
29510110200,-0.4485981308411215,27051,34.57377758546084,52.21483942414174,38.12202509736045,56000,41.208791208791204
29510112200,-0.3987730061349693,30125,27.895595432300162,60.75819672131148,45.06369426751593,98900,46.26373626373626
29510110300,-0.615301724137931,14735,45.37770734284205,56.266490765171504,39.83095615425251,54800,43.06748466257669
29510101400,-0.14747307373653687,42361,21.506154960173788,64.72406181015452,71.33093525179856,125600,17.21536351165981
29510103100,-0.04072948328267477,46791,8.020134228187919,74.9231950844854,59.328859060402685,222100,11.701556629092861
29510110500,-0.5032679738562091,22356,31.56756756756757,49.25373134328358,59.89010989010989,49700,49
29510120200,-0.5217391304347826,21593,49.923896499238964,55.774925962487664,23.59208523592085,NA,30.503597122302157
29510112300,-0.49066002490660027,20552,41.82842830306826,64.42533229085224,29.101194217473285,77100,38.70229007633588
29510117200,0.023534269199009084,65607,11.419753086419753,76.62424648359008,64.52302312026423,230500,16.71251719394773
29510116400,-0.40502942750133764,28853,37.65199161425576,69.70868014268727,34.07609838133277,65900,28.98936170212766
29510125600,-0.016931582584657913,57202,12.992315081652258,73.47991922818039,12.382558419657915,222100,12.752487187217366
29510125700,-0.6400753768844221,16484,49.84835952577888,52.88584865327063,3.336090432864627,NA,14.085267134376686
29510115700,-0.4850798056904927,23209,40.99753357084133,61.82336182336182,25.565985643291,53200,21.98159177043855
29510116500,-0.17243214475784993,45340,20.437626889239795,78.10787424286126,43.62734040153395,161700,18.304347826086957
29510118400,-0.7232876712328767,11769,56.76959619952494,32.496697490092465,4.98812351543943,NA,31.132075471698112
29510124100,-0.44552058111380144,26395,42.66091051805338,62.03703703703704,24.78414442700157,48600,35.46875
29510124600,-0.4820936639118457,25192,52.50800426894343,66.12276612276612,24.440894568690098,60800,24.76683937823834
29510102500,-0.17533129459734964,47132,12.975508077123502,74.88344988344988,65.74074074074075,125200,1.998001998001998
29510110100,-0.5213389121338912,22604,38.570933055844606,50.7711546477699,46.98711250435388,56400,31.479357798165136
29510115100,-0.2978488692774407,35959,27.75585982826642,63.633945198191014,59.75864469714551,94700,7.641365257259297
29510115400,-0.2339920948616601,35801,27.8522490318737,65.11627906976744,45.67422434367542,89300,9.578270192994996
29510117100,-0.17227722772277226,41780,20.541494997057093,81.0188415910677,25.13243084167157,178800,8.76242095754291
29510119300,-0.49420289855072463,21918,40.67119456652017,44.686299615877076,4.220499569336779,377800,21.857304643261607
29510101100,-0.09771689497716896,56250,13.2890365448505,65.33142584644732,81.68604651162791,107200,9.053156146179402
29510101300,0.008161044613710556,58958,3.6762828695430176,69.40928270042194,75.23006134969326,155400,14.272388059701493
29510103400,0.03819444444444445,77174,3.569525839104955,78.419452887538,79.27350427350427,144400,10.2803738317757
29510105400,-0.40103092783505156,26731,32.81677301731996,71.875,25.046210720887245,72500,24.336973478939157
29510106400,-0.4431554524361949,27946,34.33734939759036,63.50184956843403,45.58024691358025,51700,42.876076872100725
29510101200,0.08176943699731903,68860,4.281168643332369,71.1336599020294,85.32056861038583,134900,3.555268261150614
29510101800,-0.2215815485996705,44712,15.922330097087379,70.26807473598701,33.278035832780354,87300,25.015441630636193
29510104500,0.01971608832807571,60391,12.400354295837024,77.53727753727753,37.3114463176575,144800,17.501626545217956
29510105200,-0.07659873506676036,52750,10.43956043956044,72.1185064935065,46.22124863088718,217200,13.96614268440145
29510106200,-0.6234309623430963,19900,50.30581039755352,43.22429906542056,18.153364632237874,58000,44.675925925925924
29510106700,-0.47580645161290325,23611,43.43987823439878,45.530393325387365,46.4775846294602,71700,37.18338399189463
29510107200,-0.5547785547785548,22361,45.20754716981132,56.91382765531062,27.68192048012003,66400,35.09833585476551
29510107300,-0.41700640652300525,29088,31.79293490335481,49.679576483700195,57.01037756679178,48700,23.518930957683743
29510108200,-0.5099818511796733,24354,21.901871522508852,45.8085451595457,61.001517450682854,68400,11.84
29510109600,-0.40415335463258784,26141,28.030303030303028,52.16450216450217,51.12185018985157,75800,26.65495020503808
29510111400,-0.37383177570093457,33214,25.448868071818893,51.07692307692307,31.053459119496857,50900,43.386243386243386
29510112400,0.04835258878904578,57591,16.169992225965277,69.64191679831491,38.05194805194805,398000,16.29656160458453
29510115200,-0.43853820598006643,27127,40.604026845637584,63.725892490767336,29.086538461538463,92400,15.16347237880496
29510116200,-0.08220502901353965,54101,10.390920554854981,79.38584020471993,61.84443881428934,164800,10.86206896551724
29510118600,-0.16176470588235295,43301,24.22427871529668,58.57178402587708,40.67988668555241,191000,10.667367314766159
29510123200,-0.01443298969072165,67708,11.615384615384615,72.7233676975945,46.84615384615385,296300,9.627329192546584
29510106300,-0.41398865784499056,28125,23.88059701492537,55.78231292517006,57.285003553660275,51100,51.28913443830571
29510106600,-0.47254575707154745,22188,29.832474226804123,50.546875,61.5979381443299,55800,32.090395480225986
29510111200,-0.45454545454545453,26705,46.75925925925926,60.905840286054826,64.92890995260665,55700,53.59374999999999
29510110400,-0.517814726840855,22389,33.95225464190981,48.660170523751525,50.02669514148425,58700,39.59827833572454
29510121100,-0.6052123552123552,17465,40.42944785276074,48.98336414048059,9.811565951916828,NA,13.014273719563393
29510113500,-0.10636442894507411,60098,12.728026533996683,72.65917602996255,69.56340956340956,168500,13.88888888888889
29510126700,-0.42424242424242425,27206,32.7027027027027,60.78431372549019,51.711711711711715,63200,52.90519877675841
29510106100,-0.540386803185438,19568,35.2017937219731,48.7250172294969,43.39516582349635,67300,34.646840148698885
29510114101,-0.1111111111111111,48438,15.95462225440502,79.64224872231686,43.073593073593074,170900,11.242603550295858
29510114102,0.17275747508305647,66250,3.8063063063063063,76.72437482824952,64.54954954954954,275900,5.345911949685535
29510116301,0.08315256688358641,69861,13.608783588558222,76.8579838116262,63.3810888252149,209900,12.301838934686113
29510116302,-0.3357664233576642,31818,26.893698281349458,64.19161676646706,18.555060471037553,79400,14.481897627965044
29510119101,-0.25836533187054306,40407,25.563063063063062,55.80424886191199,38.0377358490566,283000,9.483614697120158
29510119102,-0.015783540022547914,56829,23.094388582549467,64.07766990291263,28.274923443348076,262100,13.251833740831295
29510126800,-0.04139433551198257,54688,11.448863636363637,78.06204029421171,69.26136363636364,129300,4.968944099378882
29510126900,-0.3947858472998138,30379,31.259884027411704,57.06196917269581,56.184137548530224,54600,31.563296516567547
29510127000,-0.5034246575342466,23235,44.027303754266214,37.34939759036144,38.6518771331058,63900,33.7116912599319
29510127100,-0.6159420289855072,18173,53.06603773584906,39.842067480258436,25.235849056603776,74200,37.08206686930091
29510127200,-0.05777563793933558,43885,14.041018706333109,70.07526602647289,55.61904761904762,157000,11.352966282543747
29510127300,-0.1628056628056628,46404,21.004810261892036,65.08232370301336,54.31197620978643,215600,16.451612903225808
29510127400,-0.3935897435897436,28250,31.453206394826655,70.50924752976945,21.178372552541763,197700,2.7835479850436227
29510127500,-0.38311688311688313,30115,22.985781990521325,69.19763058696823,9.278846153846153,180100,15.898058252427186
29510127600,-0.07594202898550724,62978,12.51360174102285,74.78862413528056,31.931236283833208,206700,22.227231740306582
29189212400,-0.29633300297324083,41431,23.39300244100895,61.38515196811161,48.073022312373226,65500,13.316151202749142
29189213500,-0.22486379395740466,47201,9.82469659025236,64.96598639455783,53.90970220941402,75400,9.583519928347513
29189215301,0.2766472868217054,90640,2.839185088859991,56.1014263074485,83.94018205461639,434500,2.0872865275142316
29189217807,0.296551724137931,99528,4.172803141875306,64.62982273201251,84.35607920144002,266800,4.1974349008938985
29189217932,0.2979970688812897,101319,1.1446012972148036,69.17400618900263,87.14040769670413,233400,0.9675858732462507
29189218003,0.21033740129217515,93735,3.7590646736717477,67.42184755883386,85.54554850140262,280200,6.0370994940978076
29189218201,0.21357850070721357,85429,2.6712759270898805,65.19685039370079,81.61533626649906,272600,8.062418725617686
29189219700,-0.015213358070500928,57633,11.673653660109643,76.86238532110092,67.81314989601664,147400,6.0648309515510634
29189219800,-0.0735956743766897,52991,7.761041613479704,71.43750977631784,77.18694210660546,133600,7.732815964523282
29189220100,-0.1893939393939394,49280,16.85823754789272,67.26833199033038,66.47291941875825,114700,5.982905982905983
29189220200,-0.1783284742468416,42690,19.16234247590808,57.20823798627003,75.77368520979685,75400,13.274336283185843
29189211000,0.002228826151560178,60946,9.503833357442499,71.17186006499713,80.33780857514076,98200,15.399120050282841
29189211700,0.03162055335968379,65439,11.683580536039551,67.63330215154349,84.03951130751236,98700,15.853658536585366
29189211331,-0.06869220607661823,65882,8.924103419516264,67.170045510964,69.21165948989731,111600,7.192480588475685
29189211332,-0.059616169865251124,61857,10.173815978312868,67.56487025948104,68.81583147143313,110700,9.730925175082934
29189211402,-0.1310116086235489,40129,10.812003530450133,77.0901194353963,30.340557275541798,118600,5.78125
29189213102,-0.1937984496124031,36563,12.186379928315413,50.39682539682539,80.28673835125448,112900,11.643835616438356
29189213800,-0.3137755102040816,32326,25.526742301458672,54.2080501829587,49.8994368463395,59000,27.621861152141804
29189213900,-0.5619047619047619,22304,45.46546546546546,53.055801594331264,26.186186186186188,65100,24.369747899159663
29189214200,-0.41039156626506024,26569,36.84210526315789,60.19723865877712,35.93798449612403,54600,15.682539682539682
29189214900,-0.12376779846659365,46607,12.393432270287338,69.32006633499171,59.75918884664132,117500,12.79847182425979
29189210702,-0.2182608695652174,42396,25.08463646622602,67.55926251097453,55.22460151344389,92900,19.804741980474198
29189210912,0.1519081141163394,86690,15.304044224614488,68.0813439434129,87.34491315136476,153800,5.530276513825691
29189213300,-0.28401585204755614,38214,19.402222506067186,70.86971707998603,33.95579268292683,76200,14.390726604467064
29189213700,-0.27491236855282924,43507,25.78184591914569,56.51131824234354,65.22738886050077,109600,26.36430678466077
29189214700,-0.17941176470588235,50449,19.83244059881884,67.46243739565944,52.50652382914435,88800,10.437932169904512
29189215102,0.09678920428106096,72685,8.92896904920953,69.93225638353309,62.43598307726565,207600,9.89517819706499
29189215400,0.6119326874043856,193239,1.7114914425427872,60.985676134984224,97.59262742147827,772200,4.10757946210269
29189217300,0.022964509394572025,83958,6.9313593539703895,77.6475512766848,73.87933940006741,215200,5.893909626719057
29189217701,0.5887652358240594,178527,4.290700061588995,56.007944389275075,94.06692670909464,678000,4.889112903225806
29189217931,0.15390813859790492,82400,3.192616129520351,72.53561253561254,89.6958692691784,183400,1.8584420719652037
29189217941,0.11621497473587505,69663,10.61883408071749,67.34030197444831,86.39443651925819,211100,2.289048473967684
29189217942,0.2856529209621993,87538,0.5346640527535198,70.0327868852459,93.24324324324324,223200,4.394250513347023
29189218300,0.07716049382716049,63077,7.428278688524591,62.0583717357911,75.1025641025641,234300,5.996131528046422
29189219100,0.22569027611044418,92885,4.649428145201393,70.33649134269847,84.93286921929388,278000,3.476245654692932
29189210200,-0.23045023696682465,37727,30.875088214537755,70.19255455712452,22.184962936816095,56000,27.522541863460713
29189210600,-0.2255578093306288,42109,23.341232227488153,63.405980739989865,57.403323040729305,62200,6.4160971905846615
29189218900,0.14928343949044587,74392,2.815549512078068,75.73425156977922,86.14621660534314,174400,11.362032462949895
29189217000,-0.16113228089275994,51689,13.848920863309353,80.91939546599495,56.75745118191161,209900,12.690114068441064
29189217200,-0.13524590163934427,44881,12.880434782608695,74.45019404915912,47.15846994535519,132500,9.124767225325884
29189219900,-0.09796081567373051,56114,6.243789334216628,64.18349343266027,81.38994858185437,134600,6.048084147257701
29189210803,-0.17540322580645162,48085,5.125628140703518,53.68309485956545,76.20755619320899,120000,8.360277136258661
29189220432,0.19230769230769232,80735,3.4875183553597653,66.02743767517333,87.09008899183226,237400,3.826530612244898
29189220702,0.0035046728971962616,70417,4.0029835902536055,62.725391664203364,82.01884920634922,168100,1.4959723820483315
29189221000,0,54087,10.854858548585486,68.06554756195044,62.69987699876999,168700,4.5588235294117645
29189210804,-0.06778142729172887,68036,10.931569244116691,63.64468864468864,82.30992579847295,131300,8.696837513631408
29189212600,-0.07475560667050028,49533,8.110947678083631,69.55472103004293,56.98676192477411,86700,16.1119150988905
29189213101,-0.0471584038694075,56927,15.443461630408798,60.212998361551065,53.211888782358585,163300,17.75236200895077
29189213600,-0.3702551337896702,29429,34.787150692086705,59.66810966810967,30.556281013319403,66100,15.331928345626974
29189214100,-0.34393638170974156,32098,22.36255572065379,64.60446247464503,51.63447251114414,41500,23.672230652503792
29189214400,-0.15178135675939483,46964,14.395557454079452,69.11441815076847,47.26041887031944,82400,10.796691336525903
29189215141,0.22966751918158568,88594,1.1999040076793857,65.68335588633289,93.74849723491224,234600,3.6945812807881775
29189216800,0.06312292358803986,72574,6.227106227106227,80.66429418742585,63.32999666333,211000,10.469958358120167
29189211802,-0.3333333333333333,36784,22.47749881572714,63.67432150313152,49.28943628612032,66300,16.22210125204137
29189212001,-0.3472222222222222,31665,22.05393915238475,62.86650286650287,50.60574137476955,65800,12.63001485884101
29189212002,-0.4118564742589704,26625,30.393565067509336,65.63614744351962,35.025670279520824,61600,33.47171769590037
29189212101,-0.3345476624165149,33108,24.824242424242424,67.33229329173167,32.294887039239,55600,28.732150584162703
29189212102,-0.386952636282395,30208,27.897574123989216,65.19677572309152,32.35195717631315,46300,16.741071428571427
29189213203,0.009984235417761429,69732,7.902605724049551,63.425,85.41935483870968,168800,5.698711595639247
29189213204,-0.020274689339437543,63448,15.713912816496997,68.75195495777291,54.136316337148806,137600,2.920634920634921
29189214601,-0.18878504672897195,42964,12.697947214076247,67.52727272727273,47.130789397028835,96800,10.435267857142858
29189214602,-0.18364997121473806,41625,19.920119820269598,62.701363073110286,62.33217304823471,80900,5.133806663025669
29189215004,-0.06922629435718441,50955,12.967651195499297,56.47619047619048,37.54929577464789,194800,9.430979978925185
29189215005,0.07367240089753178,76336,5.40445072412575,67.01075268817205,67.03413940256046,189400,10.026917900403769
29189215143,0.0834862385321101,81157,2.7249910362136966,74.01301518438179,83.44875346260388,142900,7.470288624787775
29189215144,0.012733784321528054,68750,7.816810741217584,71.25608981148062,72.07851770317373,165800,2.935496330629587
29189217943,0.21142369991474852,93669,1.3145539906103285,70.66233238520927,88.54985844605223,234100,7.419100236779795
29189217944,0.3973374295954941,120026,1.8149536397711579,73.74260355029585,95.43503706593836,282000,7.176806083650191
29189218102,-0.017817371937639197,63586,8.081123244929797,72.54368932038835,88.14192343604108,154500,7.991803278688526
29189218103,-0.03550074738415546,56176,11.248258013139557,70.11118378024854,43.89806888313757,179800,13.982642237222759
29189218401,0.39731543624161075,120500,2.3324396782841825,66.59877800407332,96.80536912751678,345800,4.974489795918367
29189218402,0.3262923846581434,105368,3.0623247789519086,63.667136812411854,94.65171447056287,311000,6.884057971014493
29189220001,-0.13018785495849716,62215,4.239152169566087,62.41217798594848,84.80861244019138,127200,2.926208651399491
29189220002,-0.07236431690580163,54183,8.812260536398467,78.07692307692308,69.64229186451408,143500,3.6079374624173184
29189220443,-0.046063202999464384,49523,9.287099903006789,64.23601447258558,67.60426770126091,203100,6.369107321965897
29189220444,0.28009915014164305,98261,5.2205220522052205,67.06011960969468,94.61253670368951,263800,3.5189613939186883
29189220445,0.39791666666666664,110926,2.836438923395445,63.1592039800995,98.71422646204894,286700,1.386748844375963
29189220446,0.15988372093023256,88780,3.8305543037404237,61.926240382064215,98.92231701841042,214800,0
29189221335,0.16889568207871608,78566,4.1354010338502585,68.61155063291139,75.9719672951777,243000,3.751379183523354
29189221423,0.2557997557997558,92544,1.5809284818067755,65.72654812998161,89.23462986198244,261900,1.9748653500897666
29189221424,0.3054626532887402,98512,1.816283924843424,66.64173522812267,85.80605055946954,228300,2.8169014084507045
29189221506,0.3829787234042553,104132,2.0502092050209204,76.42320085929109,88.34728033472803,303600,3.3888888888888893
29189221627,0.711972522080471,209096,2.409261576971214,66.20947630922693,93.97684605757196,599700,0
29189221624,0.22248062015503875,107045,2.0687557042896256,61.86285295196187,85.60145808019442,322600,7.4605451936872305
29189221625,0.3808952837729816,104775,1.331837936352166,69.58041958041959,86.26104023552502,285000,4.1746457296055155
29189221626,0.5937193326790972,162167,0.6927662316739166,66.32287939381183,99.11532893678623,465700,1.3075060532687652
29189221628,0.12521008403361344,77524,6.2075081288796925,64.65955701394586,55.53272673906663,388100,8.718997698798262
29189221629,0.6160714285714286,171667,2.9834048107402573,63.422407452807064,95.08105086640582,568500,3.965702036441586
29189221900,0.1625615763546798,85054,5.88235294117647,64.43129520052597,86.88104723961297,183900,8.204134366925064
29189216900,-0.3177501826150475,31018,15.377855887521969,74.48770491803278,40.46572934973638,181900,6.425153793574847
29189217600,0.5140007671653242,141157,4.127474378772989,58.21757171206927,96.085609687412,554300,10.535346602608099
29189217851,0.4348981399468556,125091,2.0060180541624875,58.3779333058872,94.75091942494149,351000,2.4200518582541055
29189218800,0.503796337650737,141217,3.253833049403748,70.65759637188208,97.14673913043478,385700,2.013129102844639
29189220300,-0.23356009070294784,41250,15.151515151515152,62.74957216200798,29.984464008285862,107900,2.9702970297029703
29189220431,0.00944138473642801,64196,6.308674427337589,68.05089485458613,74.72775065715359,178700,6.749816581071166
29189221621,0.44782608695652176,128889,6.031128404669261,64.1039378515939,92.66508926650893,441100,6.395348837209303
29189220602,-0.15408682049276495,53898,10.233970351848544,63.68563685636857,76.28147883550635,157100,6.336996336996337
29189220802,-0.00725689404934688,63266,6.995364517488412,67.48640952627491,79.18246944795617,195100,6.723826714801444
29189221100,0.3821138211382114,121034,2.4351508734780305,66.82400539447066,93.51901446170326,399100,0
29189211600,-0.04717775905644482,56716,9.550561797752808,66.8812292358804,56.36942675159236,72200,7.193119624706802
29189216100,-0.18536009445100354,38320,38.86331444759207,59.37438131063156,32.00423429781228,384700,16.987912446912773
29189217921,0.4647550776583035,128625,2.8273809523809526,62.46799795186892,91.06228668941979,430800,2.7309703660662406
29189218600,7.974481658692185e-4,54922,6.636060100166945,54.766839378238345,64.96655518394648,278000,10.492505353319057
29189221421,0.38579499596448746,112417,0.6011163589523401,73.22662786467806,97.9962788034922,267100,5.491990846681922
29189212300,-0.25476539589442815,36680,19.247745154480906,66.9762174405436,41.35790494665373,105500,12.479948668591595
29189216500,0.4145321484579195,121629,3.6323202372127503,44.92972972972973,69.64198136341344,644500,10.565684899485742
29189212700,-0.30526315789473685,37722,27.81766572048756,65.28565198430005,45.75054266154617,67800,13.533834586466165
29189214800,-0.2569084628670121,46097,15.494458653026427,64.63320463320463,61.01152368758002,84000,11.264367816091953
29189217841,0.41674780915287246,126250,6.725365305357813,60.932878270762224,81.81988742964353,322500,0
29189220501,-0.11151471122411914,55262,11.124883792996592,69.03989310937202,84.85418626528693,118500,7.493279569892473
29189221422,0.14047619047619048,85000,4.890030144021436,67.6209561981105,86.14834673815906,193600,2.580458103798202
29189219200,0.28013392857142855,111786,9.150043365134431,58.16542948038176,83.8737949167397,411100,2.1834061135371177
29189220703,0.12980358667805295,75729,5.298013245033113,64.38668490652076,87.05925118138859,189200,0.9306260575296108
29189213400,-0.17614269788182832,46024,11.378519973804845,66.97247706422019,52.61947774675645,68100,11.011904761904761
29189215105,0.07299912049252419,64952,7.827542904981163,67.74519716885743,66.76433654248639,327400,0.9581881533101044
29189217802,0.3203125,105711,0.8934614863950183,62.05733558178752,88.60279170619324,258800,1.9498607242339834
29189220803,0.2941507311586052,98750,2.7833894500561165,67.83000281452294,97.27556945064761,242200,2.735229759299781
29189214300,-0.2795497185741088,33806,26.690758905524003,63.70153144346693,47.60061919504644,67200,13.380281690140844
29189214500,-0.1372251705837756,47891,14.198428862379982,69.96735582154517,60.27159780410286,93400,7.178043631245602
29189215003,0.11195158850226929,73205,5.111313039527488,58.801597869507326,81.28123580190822,205000,6.19678334910123
29189215232,0.3344187561055031,114263,5.163043478260869,50.65051592642441,88.82257189365166,364400,5.507692307692308
29189215600,-0.05558553696708041,52628,8.643724696356275,68.14713896457766,56.28646147656408,204400,6.931190356604722
29189216200,0.3397917871602082,107093,7.632297490573397,73.43039126478617,66.42819979188346,382500,0.8885067354542848
29189216400,0.31511254019292606,84922,7.331042382588775,64.60418562329392,66.93394425353189,620400,11.77304964539007
29189218012,0.5407725321888412,143281,1.256890848952591,62.96914095079232,90.01092896174863,404600,4.3401759530791795
29189219300,0.34810126582278483,107917,1.820020222446916,66.66666666666666,82.9465186680121,350700,2.5893958076448826
29189219400,0.41779859484777515,109256,0.9472259810554804,70.91031996394773,96.49568308786186,337200,6.9311246730601574
29189220801,-0.06462333825701624,57738,10.521550162984425,62.910400338911245,70.436831611383,205000,4.277129727819017
29189221301,0.056040976197649896,61900,6.264644222468861,62.39737274220033,76.59965677862222,211400,1.0140172979421413
29189211102,-0.24601464885825075,39800,15.353386233622441,61.707577374599786,56.97145973459371,108000,0.7695596408721677
29189211500,-0.2847948511665326,38854,10.354773579463513,69.32318782539046,53.15835015863859,77000,16.68900804289544
29189212200,-0.34838472834067546,34609,33.50800169947599,57.489660133069584,43.85915093000142,62500,18.14903846153846
29189215103,0.25422138836772984,90000,7.012324691882703,61.03351955307262,61.00254885301615,233100,5.913503971756398
29189215142,0.08047016274864376,56226,8.287457223627436,77.94880664130058,41.39313827417199,224300,5.47008547008547
29189215302,0.48150943396226414,143472,2.8412419449326305,62.5970359915314,87.62886597938144,597300,2.859237536656891
29189215201,0.4216673378977044,115739,3.1282586027111576,63.04467733039162,68.07463952502121,482300,4.46325509811466
29189215231,0.2471395881006865,92083,6.93950177935943,65.45998911268373,73.55427046263345,323000,6.273458445040214
29189216600,0.49528301886792453,132109,2.6381284221005474,63.12684365781711,74.31557989049278,522700,4.288939051918736
29189215700,-0.10732984293193717,48250,15.724258289703316,63.75582874099195,57.597482077286244,96600,9.047619047619047
29189216000,-0.22077922077922077,39635,17.619783616692427,62.82173498570067,59.891808346213296,85000,22.77936962750716
29189210501,-0.1692169216921692,46250,10.214723926380367,57.79853777416734,58.46625766871165,79900,18.368846436443793
29189210502,-0.2753623188405797,32468,22.775584573337383,58.036088963491395,45.18765133171913,60800,23.66318377381684
29189210703,-0.2048909451421018,41558,13.898117386489481,65.47038327526133,63.463131731565866,107200,15.710306406685238
29189210704,-0.19746497665110074,35864,18.3715537232672,75.6952380952381,29.789959016393443,105400,25.938735177865613
29189210805,-0.10473815461346633,55290,7.06337687469763,54.16505977632087,52.90603810138844,93300,13.172140021652833
29189210806,-0.012940651494868362,54273,9.960231381055676,67.64305177111717,72.18099547511312,111400,7.7398106216550024
29189210923,-0.020298507462686566,63348,9.469181411627455,68.77102199223803,72.31188022554929,99500,16.040100250626566
29189210924,0.013373860182370821,60093,7.073329007138223,70.91128545564273,65.142492556359,107500,11.032990805840996
29189210925,-0.07129367327667611,53476,6.175298804780876,76.3537906137184,61.54125113327289,105000,7.551287647315583
29189210926,-0.009761388286334056,68750,8.926417370325694,66.3109756097561,78.82259976293955,95900,6.109979633401222
29189210927,0.342305441778818,113341,4.102676612549364,63.33933624903525,95.69986836331724,225700,6.612021857923497
29189210928,0.09261744966442953,85526,10.617343262070623,68.40715752420064,96.11510791366906,150800,2.6143790849673203
29189211201,-0.2145561632309634,36466,16.15787178368949,66.22848948374761,60.24858264282599,77700,11.07369996258885
29189211202,-0.09319286871961102,56111,8.599348534201955,71.4696223316913,68.92508143322476,97000,17.12558764271323
29189211333,0.04609595484477893,60861,12.948744552811785,69.47340283346699,63.79950495049505,186300,8.283002588438308
29189211334,-0.1,53918,7.552513570922822,60.26785714285714,78.11686775490891,97500,6.008328375966687
29189211801,-0.33088725817211473,31035,35.92845870594424,62.761219595751975,51.590849329476725,86500,21.682340647857888
29189216700,0.04286553141514973,63590,8.560539431251831,75.2361673414305,57.78038755137992,223100,4.21822272215973
29189220502,-0.003953871499176277,55697,5.326134539617685,66.78012253233491,62.82517076006394,154600,5.3632678515746806
29189221201,0.27472527472527475,106923,2.8077753779697625,49.32239657631954,83.09074016723443,484200,4.587155963302752
29189215800,0.16119549240568348,72043,7.470904767863846,59.59252971137521,51.87828700225394,314300,9.389567147613763
29189221302,0.017840076457470534,62806,5.846199970019487,65.13370805654914,68.19067606056063,206600,2.059282371294852
29189216300,0.18262987012987014,103000,12.449504223283144,46.22918707149853,62.00809121000368,611500,4.124513618677042
29189215500,0.49104385423100677,137042,1.2525620587565476,67.86252637925837,88.86616678027721,427800,10.40398450470393
29189215900,-0.11514441842310695,51678,13.505461767626613,58.16541930531568,66.03085088737768,121000,10.948905109489052
29189217500,0.5420827389443652,164632,2.941176470588235,57.187350263536175,96.65335615135957,691000,4.278561675011379
29189217702,0.46992093502921967,138206,1.2068739341466614,53.83571966842502,90.52244683644001,341700,2.41529688024153
29189217806,0.10187553282182438,76875,10.64493758668516,67.58901758901759,72.75880006936015,198700,4.788961038961039
29189217923,0.24012583012932542,83601,1.48830616583983,75.50796265788028,84.76595744680851,208700,1.3448275862068966
29189219600,-0.05029761904761905,56403,6.523722627737226,59.88392543088287,69.72923638576209,170800,6.976744186046512
29189220442,0.0968950749464668,76875,3.648705982180738,65.98958333333333,92.69328802039082,157000,2.961038961038961
29189220701,0.02086230876216968,57397,8.040048543689322,71.78294573643412,63.6888483743543,194200,5.456936226166995
29189221202,0.13667063965037743,73542,2.5788937902952154,56.64390243902439,83.2431518430842,270500,12.238493723849372
29189210300,-0.2374631268436578,38000,20.102269095557688,73.34372564302416,47.06439393939394,54700,28.669121514992106
29189210921,0.015111695137976347,80819,7.5643300798580295,70.11562407352505,79.78956597983341,103000,3.0573248407643314
29189211101,-0.08664666166541636,51433,6.2989752863170585,69.18347742555235,51.58227848101266,86900,11.34020618556701
29189211301,-0.06055437100213219,52987,18.514946962391516,64.33408577878103,69.13463059642461,92500,5.1375404530744335
29189211900,-0.5152100434572671,23910,34.29494079655544,59.88811188811189,17.074715069649642,61900,16.626409017713364
29189212500,-0.30333333333333334,38125,18.624946785866324,63.61166007905138,47.29504785684561,70000,10.218041898247114
29189215001,-0.01317829457364341,68095,18.099547511312217,71.18380062305296,47.41435035552682,157700,1.5267175572519083
29189215202,0.37623413258110017,108269,3.8340572113224503,65.059160989602,78.19156859824221,313500,2.6767330130404945
29189221332,0.10092213114754098,79036,5.295883361921097,60.66718386346005,90.35069075451648,192900,1.860231271995978
29189221503,0.4218009478672986,117019,1.514663229133097,62.57634647418101,86.61417322834646,297100,8.578856152512998
29189221502,0.2512931034482759,88021,3.163415833469923,62.91312091826637,82.01126307320997,276200,4.211395540875309
29189211401,-0.08252615265401007,46924,12.516129032258064,70.64989517819707,53.714285714285715,129900,6.24772974936433
29189210100,-0.2121546961325967,37388,14.579606440071558,67.63297872340426,63.727454909819635,93800,27.10430930326218
29189217400,0.19065343258891645,79507,4.790668610706103,81.23450669310857,72.193293063945,231700,5.767731878409977
29189217842,0.31898238747553814,99810,3.8285476487723678,65.6781802864364,82.93529575118022,416100,1.856594110115237
29189217852,0.39552880481513325,111524,1.9142540737225124,57.810077519379846,91.83673469387756,373400,4.476386036960986
29189218011,0.12445923460898503,68034,9.910025706940875,62.37330422579136,56.88814776808619,330600,4.146730462519936
29189218500,0.2615,93902,5.408102175214529,69.17719886510189,83.98320335932813,300900,1.1369253583786456
29189219500,0.20233747260774287,86964,5.489335006273525,62.68630545327021,82.01033348990137,225700,5.292286406087858
29189220441,-0.005455962587685113,64115,3.1307860629523647,59.151610369206594,86.09661673119004,197300,8.455226542989653
29189220601,0.023222060957910014,60950,7.306791569086651,62.07510233137569,80.52713178294574,167000,3.332164152928797
29189221800,-0.3713471133285816,30346,26.437744276940258,65.41545189504373,34.427609427609426,53100,17.373380447585397
29189210400,-0.25592672413793105,39537,14.69842878864673,61.55443488579056,71.20835405271009,70300,7.707608155146693
29189213202,0.0014864362690449647,60881,12.587200485289657,64.9352920601609,60.08531383302864,150200,2.038587550054605
